[{"place_id":123392547,"licence":"Data © OpenStreetMap contributors, ODbL 1.0. https://osm.org/copyright","osm_type":"way","osm_id":78116605,"boundingbox":["-34.9093781","-34.9083956","-56.2001293","-56.199894"],"lat":"-34.9093781","lon":"-56.2001293","display_name":"Ciudadela, Barrio Sur, Montevideo, 11000, Uruguay","place_rank":26,"category":"highway","type":"tertiary","importance":0.21},{"place_id":123916378,"licence":"Data © OpenStreetMap contributors, ODbL 1.0. https://osm.org/copyright","osm_type":"way","osm_id":78105985,"boundingbox":["-34.9060219","-34.9033372","-56.2009319","-56.1997652"],"lat":"-34.9045693","lon":"-56.2003105","display_name":"Ciudadela, Ciudad Vieja, Montevideo, 11000, Uruguay","place_rank":26,"category":"highway","type":"tertiary","importance":0.21},{"place_id":199214173,"licence":"Data © OpenStreetMap contributors, ODbL 1.0. https://osm.org/copyright","osm_type":"way","osm_id":409847022,"boundingbox":["-34.9033372","-34.9015843","-56.2018857","-56.2009319"],"lat":"-34.9025114","lon":"-56.2013599","display_name":"Ciudadela, Ciudad Vieja, Montevideo, 11000, Uruguay","place_rank":26,"category":"highway","type":"residential","importance":0.21},{"place_id":123635110,"licence":"Data © OpenStreetMap contributors, ODbL 1.0. https://osm.org/copyright","osm_type":"way","osm_id":78107166,"boundingbox":["-34.911995","-34.9108796","-56.1999053","-56.1996214"],"lat":"-34.9114988","lon":"-56.1998345","display_name":"Ciudadela, Barrio Sur, Montevideo, 11000, Uruguay","place_rank":26,"category":"highway","type":"residential","importance":0.21}]