[{"place_id":25387148,"licence":"Data © OpenStreetMap contributors, ODbL 1.0. https://osm.org/copyright","osm_type":"node","osm_id":2700688735,"boundingbox":["-34.8363032","-34.8362032","-56.2728224","-56.2727224"],"lat":"-34.8362532","lon":"-56.2727724","display_name":"Paso de la Arena, Avenida Luis Batlle Berres, Montevideo, 12600, Uruguay","place_rank":30,"category":"amenity","type":"pharmacy","importance":0.4001,"icon":"https://nominatim.openstreetmap.org/ui/mapicons/health_pharmacy_dispensing.p.20.png"},{"place_id":25519469,"licence":"Data © OpenStreetMap contributors, ODbL 1.0. https://osm.org/copyright","osm_type":"node","osm_id":2700688764,"boundingbox":["-34.837614","-34.837514","-56.2690464","-56.2689464"],"lat":"-34.837564","lon":"-56.2689964","display_name":"Paso de la Arena, 6465, Avenida Luis Batlle Berres, Montevideo, 12600, Uruguay","place_rank":30,"category":"shop","type":"bakery","importance":0.4001,"icon":"https://nominatim.openstreetmap.org/ui/mapicons/shopping_bakery.p.20.png"}]