[{"place_id":152842169,"licence":"Data © OpenStreetMap contributors, ODbL 1.0. https://osm.org/copyright","osm_type":"way","osm_id":200197794,"boundingbox":["-34.7690122","-34.7584951","-56.3646023","-56.3612338"],"lat":"-34.7634179","lon":"-56.362976","display_name":"Avenida al Delta, Delta del Tigre, Ciudad del Plata, San José, 80001, Uruguay","place_rank":26,"category":"highway","type":"tertiary","importance":0.4},{"place_id":57864109,"licence":"Data © OpenStreetMap contributors, ODbL 1.0. https://osm.org/copyright","osm_type":"node","osm_id":5265959723,"boundingbox":["-34.7662191","-34.7661191","-56.3644319","-56.3643319"],"lat":"-34.7661691","lon":"-56.3643819","display_name":"CAIF y Club Del Niño DELTA, Avenida Las Perlas, Delta del Tigre, Ciudad del Plata, San José, 80001, Uruguay","place_rank":30,"category":"amenity","type":"social_facility","importance":0.30010000000000003},{"place_id":19201993,"licence":"Data © OpenStreetMap contributors, ODbL 1.0. https://osm.org/copyright","osm_type":"node","osm_id":2152779021,"boundingbox":["-34.7619893","-34.7618893","-56.3689933","-56.3688933"],"lat":"-34.7619393","lon":"-56.3689433","display_name":"Terminal Delta, Avenida Las Perlas, Delta del Tigre, Ciudad del Plata, San José, 80001, Uruguay","place_rank":30,"category":"highway","type":"bus_stop","importance":0.30010000000000003,"icon":"https://nominatim.openstreetmap.org/ui/mapicons/transport_bus_stop2.p.20.png"}]