[{"place_id":61354780,"licence":"Data © OpenStreetMap contributors, ODbL 1.0. https://osm.org/copyright","osm_type":"node","osm_id":5612204280,"boundingbox":["-34.9034855","-34.9033855","-56.1418608","-56.1417608"],"lat":"-34.9034355","lon":"-56.1418108","display_name":"Pranzo Pocitos, 1354, Basilio Pereira de la Luz, Villa Dolores, La Mondiola, Montevideo, 11300, Uruguay","place_rank":30,"category":"amenity","type":"restaurant","importance":0.10010000000000001,"icon":"https://nominatim.openstreetmap.org/ui/mapicons/food_restaurant.p.20.png"},{"place_id":52392221,"licence":"Data © OpenStreetMap contributors, ODbL 1.0. https://osm.org/copyright","osm_type":"node","osm_id":4543473744,"boundingbox":["-34.9060732","-34.9059732","-56.1391136","-56.1390136"],"lat":"-34.9060232","lon":"-56.1390636","display_name":"Nuevo Pocitos, 3415, Bulevar 26 de Marzo, La Mondiola, Montevideo, 11300, Uruguay","place_rank":30,"category":"shop","type":"bakery","importance":0.10010000000000001,"icon":"https://nominatim.openstreetmap.org/ui/mapicons/shopping_bakery.p.20.png"},{"place_id":250364396,"licence":"Data © OpenStreetMap contributors, ODbL 1.0. https://osm.org/copyright","osm_type":"way","osm_id":737050165,"boundingbox":["-34.9065106","-34.9063924","-56.1392516","-56.1390678"],"lat":"-34.90645125","lon":"-56.13917049357143","display_name":"Parroquia San Alejandro y San Pedro Claver, 1182, Julio César, La Mondiola, Montevideo, 11300, Uruguay","place_rank":30,"category":"amenity","type":"place_of_worship","importance":0.0001,"icon":"https://nominatim.openstreetmap.org/ui/mapicons/place_of_worship_unknown3.p.20.png"}]