[{"place_id":123144101,"licence":"Data © OpenStreetMap contributors, ODbL 1.0. https://osm.org/copyright","osm_type":"way","osm_id":78117278,"boundingbox":["-34.8348548","-34.8259127","-56.1004728","-56.0873456"],"lat":"-34.8310139","lon":"-56.0929358","display_name":"Avenida Punta de Rieles, Bañados de Carrasco, Montevideo, 13000, Uruguay","place_rank":26,"category":"highway","type":"residential","importance":0.4},{"place_id":50361484,"licence":"Data © OpenStreetMap contributors, ODbL 1.0. https://osm.org/copyright","osm_type":"node","osm_id":4392741909,"boundingbox":["-34.8214681","-34.8213681","-56.0997463","-56.0996463"],"lat":"-34.8214181","lon":"-56.0996963","display_name":"Barraca Punta de Rieles, 6906, Cerdeña, Montevideo, 13000, Uruguay","place_rank":30,"category":"shop","type":"hardware","importance":0.30010000000000003}]