[{"place_id":297960154,"licence":"Data © OpenStreetMap contributors, ODbL 1.0. https://osm.org/copyright","osm_type":"relation","osm_id":2535038,"boundingbox":["-34.8704338","-34.8449763","-56.0607789","-56.0229597"],"lat":"-34.8639983","lon":"-56.0537853","display_name":"Paso Carrasco, Municipio de Paso Carrasco, Canelones, 15000, Uruguay","place_rank":20,"category":"boundary","type":"administrative","importance":0.503230229325644,"icon":"https://nominatim.openstreetmap.org/ui/mapicons/poi_boundary_administrative.p.20.png"},{"place_id":208099070,"licence":"Data © OpenStreetMap contributors, ODbL 1.0. https://osm.org/copyright","osm_type":"way","osm_id":457939997,"boundingbox":["-34.8577082","-34.8575114","-56.0480616","-56.047823"],"lat":"-34.857609800000006","lon":"-56.047942299999995","display_name":"Paso Carrasco, Avenida Wilson Ferreira Aldunate, Barrio 18 de Mayo, Monterrey, Municipio de Paso Carrasco, Canelones, 15000, Uruguay","place_rank":30,"category":"amenity","type":"clinic","importance":0.2001}]