[{"place_id":178883332,"licence":"Data © OpenStreetMap contributors, ODbL 1.0. https://osm.org/copyright","osm_type":"way","osm_id":305414558,"boundingbox":["-34.8737266","-34.8731898","-56.2502886","-56.2489217"],"lat":"-34.87343905","lon":"-56.2490217243753","display_name":"Terminal del Cerro, Turquía, Cerro Norte, Montevideo, 12800, Uruguay","place_rank":30,"category":"amenity","type":"bus_station","importance":0.30010000000000003,"icon":"https://nominatim.openstreetmap.org/ui/mapicons/transport_bus_station.p.20.png"}]