[{"place_id":8166411,"licence":"Data © OpenStreetMap contributors, ODbL 1.0. https://osm.org/copyright","osm_type":"node","osm_id":953469120,"boundingbox":["-34.9300822","-34.8900822","-56.1897776","-56.1497776"],"lat":"-34.9100822","lon":"-56.1697776","display_name":"Parque Rodó, Montevideo, 11200, Uruguay","place_rank":19,"category":"place","type":"suburb","importance":0.557598476917669,"icon":"https://nominatim.openstreetmap.org/ui/mapicons/poi_place_village.p.20.png"},{"place_id":114751414,"licence":"Data © OpenStreetMap contributors, ODbL 1.0. https://osm.org/copyright","osm_type":"way","osm_id":36807838,"boundingbox":["-34.9196875","-34.9113848","-56.1701634","-56.1630927"],"lat":"-34.91556435","lon":"-56.16757036502584","display_name":"Parque Rodó, Montevideo, Uruguay","place_rank":24,"category":"leisure","type":"park","importance":0.35000000000000003},{"place_id":298736321,"licence":"Data © OpenStreetMap contributors, ODbL 1.0. https://osm.org/copyright","osm_type":"relation","osm_id":13353266,"boundingbox":["-34.9215183","-34.9070927","-56.1731722","-56.1621306"],"lat":"-34.914158150000006","lon":"-56.16768712274985","display_name":"Parque Rodó, Montevideo, Uruguay","place_rank":25,"category":"boundary","type":"neighborhood","importance":0.325}]