[{"place_id":63518096,"licence":"Data © OpenStreetMap contributors, ODbL 1.0. https://osm.org/copyright","osm_type":"node","osm_id":5861187637,"boundingbox":["-34.7754285","-34.7354285","-56.325638","-56.285638"],"lat":"-34.7554285","lon":"-56.305638","display_name":"Melilla, Montevideo, Uruguay","place_rank":19,"category":"place","type":"suburb","importance":0.385,"icon":"https://nominatim.openstreetmap.org/ui/mapicons/poi_place_village.p.20.png"},{"place_id":55433266,"licence":"Data © OpenStreetMap contributors, ODbL 1.0. https://osm.org/copyright","osm_type":"node","osm_id":4889670722,"boundingbox":["-34.7687296","-34.7686296","-56.2990822","-56.2989822"],"lat":"-34.7686796","lon":"-56.2990322","display_name":"Melilla, 9256, Camino de la Redención, Melilla, Montevideo, 12500, Uruguay","place_rank":30,"category":"shop","type":"convenience","importance":0.11010000000000002,"icon":"https://nominatim.openstreetmap.org/ui/mapicons/shopping_convenience.p.20.png"}]