[{"place_id":130151566,"licence":"Data © OpenStreetMap contributors, ODbL 1.0. https://osm.org/copyright","osm_type":"way","osm_id":111846257,"boundingbox":["-34.7791919","-34.7702947","-56.0251858","-56.0179643"],"lat":"-34.7722518","lon":"-56.0196853","display_name":"Los Aromos, Villa Chediak, Barros Blancos, Municipio de Nicolich, Canelones, 91001, Uruguay","place_rank":26,"category":"highway","type":"tertiary","importance":0.3},{"place_id":150942355,"licence":"Data © OpenStreetMap contributors, ODbL 1.0. https://osm.org/copyright","osm_type":"way","osm_id":189892964,"boundingbox":["-34.7803672","-34.7791919","-56.0189132","-56.0185033"],"lat":"-34.7797142","lon":"-56.0186871","display_name":"Los Aromos, Villa El Remanso, Barros Blancos, Municipio de Nicolich, Canelones, 91001, Uruguay","place_rank":26,"category":"highway","type":"tertiary","importance":0.3},{"place_id":52982814,"licence":"Data © OpenStreetMap contributors, ODbL 1.0. https://osm.org/copyright","osm_type":"node","osm_id":4644399865,"boundingbox":["-34.7701372","-34.7700372","-56.0254706","-56.0253706"],"lat":"-34.7700872","lon":"-56.0254206","display_name":"Los Aromos, Ruta 8 Brigadier General Juan Antonio Lavalleja, Villa Izestel, Barros Blancos, Municipio de Nicolich, Canelones, 91001, Uruguay","place_rank":30,"category":"amenity","type":"pharmacy","importance":0.2001,"icon":"https://nominatim.openstreetmap.org/ui/mapicons/health_pharmacy_dispensing.p.20.png"}]