[{"place_id":55433266,"licence":"Data © OpenStreetMap contributors, ODbL 1.0. https://osm.org/copyright","osm_type":"node","osm_id":4889670722,"boundingbox":["-34.7687296","-34.7686296","-56.2990822","-56.2989822"],"lat":"-34.7686796","lon":"-56.2990322","display_name":"Melilla, 9256, Camino de la Redención, Melilla, Montevideo, 12500, Uruguay","place_rank":30,"category":"shop","type":"convenience","importance":0.11010000000000002,"icon":"https://nominatim.openstreetmap.org/ui/mapicons/shopping_convenience.p.20.png"}]