[{"place_id":67284999,"licence":"Data © OpenStreetMap contributors, ODbL 1.0. https://osm.org/copyright","osm_type":"node","osm_id":6204578162,"boundingbox":["-34.8596911","-34.8595911","-56.2156583","-56.2155583"],"lat":"-34.8596411","lon":"-56.2156083","display_name":"Paso Molino, Avenida Agraciada, Prado, Montevideo, 11700, Uruguay","place_rank":30,"category":"railway","type":"stop","importance":0.2001},{"place_id":64906674,"licence":"Data © OpenStreetMap contributors, ODbL 1.0. https://osm.org/copyright","osm_type":"node","osm_id":5964361213,"boundingbox":["-34.8596795","-34.8595795","-56.2156271","-56.2155271"],"lat":"-34.8596295","lon":"-56.2155771","display_name":"Paso Molino, Marcelino Díaz García, Prado, Montevideo, 11700, Uruguay","place_rank":30,"category":"railway","type":"halt","importance":0.2001}]