[{"place_id":7981481,"licence":"Data © OpenStreetMap contributors, ODbL 1.0. https://osm.org/copyright","osm_type":"node","osm_id":953469122,"boundingbox":["-34.9402023","-34.9002023","-56.1800649","-56.1400649"],"lat":"-34.9202023","lon":"-56.1600649","display_name":"Punta Carretas, Montevideo, 11303, Uruguay","place_rank":19,"category":"place","type":"suburb","importance":0.5570373282821679,"icon":"https://nominatim.openstreetmap.org/ui/mapicons/poi_place_village.p.20.png"},{"place_id":298692184,"licence":"Data © OpenStreetMap contributors, ODbL 1.0. https://osm.org/copyright","osm_type":"relation","osm_id":13353258,"boundingbox":["-34.938056","-34.914271","-56.1724241","-56.1445541"],"lat":"-34.9262128","lon":"-56.16117664265197","display_name":"Punta Carretas, Montevideo, 11303, Uruguay","place_rank":25,"category":"boundary","type":"neighborhood","importance":0.5570373282821679},{"place_id":52417542,"licence":"Data © OpenStreetMap contributors, ODbL 1.0. https://osm.org/copyright","osm_type":"node","osm_id":4547238309,"boundingbox":["-34.9226476","-34.9225476","-56.159183","-56.159083"],"lat":"-34.9225976","lon":"-56.159133","display_name":"Punta Carretas, 411, José Ellauri, Punta Carretas, Montevideo, 11303, Uruguay","place_rank":30,"category":"amenity","type":"pharmacy","importance":0.2001,"icon":"https://nominatim.openstreetmap.org/ui/mapicons/health_pharmacy_dispensing.p.20.png"}]