[{"place_id":73811716,"licence":"Data © OpenStreetMap contributors, ODbL 1.0. https://osm.org/copyright","osm_type":"node","osm_id":6975473472,"boundingbox":["-34.7890647","-34.7889647","-56.2417673","-56.2416673"],"lat":"-34.7890147","lon":"-56.2417173","display_name":"Capilla del Hospital Saint Bois, Camino al Saint Bois, Montevideo, 12500, Uruguay","place_rank":30,"category":"amenity","type":"place_of_worship","importance":0.2001,"icon":"https://nominatim.openstreetmap.org/ui/mapicons/place_of_worship_unknown3.p.20.png"}]