[{"place_id":286281482,"licence":"Data © OpenStreetMap contributors, ODbL 1.0. https://osm.org/copyright","osm_type":"way","osm_id":984016808,"boundingbox":["-34.7771833","-34.7764522","-56.2662344","-56.2658126"],"lat":"-34.7765239","lon":"-56.2662052","display_name":"Camino Melilla, Montevideo, 12500, Uruguay","place_rank":26,"category":"highway","type":"tertiary","importance":0.19999999999999998},{"place_id":193500096,"licence":"Data © OpenStreetMap contributors, ODbL 1.0. https://osm.org/copyright","osm_type":"way","osm_id":378667606,"boundingbox":["-34.7891325","-34.7870369","-56.2609188","-56.2600181"],"lat":"-34.7888313","lon":"-56.2601643","display_name":"Camino Melilla, Lezica, Montevideo, 12500, Uruguay","place_rank":26,"category":"highway","type":"tertiary","importance":0.19999999999999998},{"place_id":123076358,"licence":"Data © OpenStreetMap contributors, ODbL 1.0. https://osm.org/copyright","osm_type":"way","osm_id":78105955,"boundingbox":["-34.7981821","-34.7962379","-56.2570499","-56.2564064"],"lat":"-34.7967696","lon":"-56.2569417","display_name":"Camino Melilla, Lezica, Montevideo, 12500, Uruguay","place_rank":26,"category":"highway","type":"residential","importance":0.19999999999999998},{"place_id":165901472,"licence":"Data © OpenStreetMap contributors, ODbL 1.0. https://osm.org/copyright","osm_type":"way","osm_id":246747166,"boundingbox":["-34.7956848","-34.7815848","-56.2702341","-56.258752"],"lat":"-34.7892996","lon":"-56.26455936793948","display_name":"Aeropuerto Internacional Ángel S. Adami, Ruta 5 Brigadier General Fructuoso Rivera, Montevideo, 12500, Uruguay","place_rank":30,"category":"aeroway","type":"aerodrome","importance":0.11043043518689395,"icon":"https://nominatim.openstreetmap.org/ui/mapicons/transport_airport2.p.20.png"}]