[{"place_id":8187500,"licence":"Data © OpenStreetMap contributors, ODbL 1.0. https://osm.org/copyright","osm_type":"node","osm_id":953469115,"boundingbox":["-34.9263505","-34.8863505","-56.2259795","-56.1859795"],"lat":"-34.9063505","lon":"-56.2059795","display_name":"Ciudad Vieja, Montevideo, 11000, Uruguay","place_rank":19,"category":"place","type":"suburb","importance":0.5367490639114201,"icon":"https://nominatim.openstreetmap.org/ui/mapicons/poi_place_village.p.20.png"},{"place_id":298585061,"licence":"Data © OpenStreetMap contributors, ODbL 1.0. https://osm.org/copyright","osm_type":"relation","osm_id":12274782,"boundingbox":["-34.913491","-34.8869199","-56.2230036","-56.1946929"],"lat":"-34.900143","lon":"-56.200149068864505","display_name":"Ciudad Vieja, Montevideo, 11000, Uruguay","place_rank":25,"category":"boundary","type":"neighborhood","importance":0.325}]