[{"place_id":64787602,"licence":"Data © OpenStreetMap contributors, ODbL 1.0. https://osm.org/copyright","osm_type":"node","osm_id":5966185266,"boundingbox":["-34.7998242","-34.7997242","-56.2213359","-56.2212359"],"lat":"-34.7997742","lon":"-56.2212859","display_name":"Terminal Colón, José Salgado, Colón, Montevideo, 12500, Uruguay","place_rank":30,"category":"railway","type":"halt","importance":0.4032480317462599},{"place_id":44804650,"licence":"Data © OpenStreetMap contributors, ODbL 1.0. https://osm.org/copyright","osm_type":"node","osm_id":3674253525,"boundingbox":["-34.7998132","-34.7997132","-56.2213032","-56.2212032"],"lat":"-34.7997632","lon":"-56.2212532","display_name":"Terminal Colón, José Salgado, Colón, Montevideo, 12500, Uruguay","place_rank":30,"category":"railway","type":"stop","importance":0.2101},{"place_id":185222123,"licence":"Data © OpenStreetMap contributors, ODbL 1.0. https://osm.org/copyright","osm_type":"way","osm_id":332130134,"boundingbox":["-34.799947","-34.7991363","-56.2233219","-56.2214061"],"lat":"-34.799539550000006","lon":"-56.22236651432439","display_name":"Terminal Colón, Vehicular/ Peatonal, Colón, Montevideo, 12500, Uruguay","place_rank":30,"category":"building","type":"yes","importance":0.2101}]