[{"place_id":187566468,"licence":"Data © OpenStreetMap contributors, ODbL 1.0. https://osm.org/copyright","osm_type":"way","osm_id":342855718,"boundingbox":["-34.8562014","-34.8544643","-56.1332769","-56.1318608"],"lat":"-34.85559485","lon":"-56.13266850839535","display_name":"Intercambiador Belloni, Gronardo, Maroñas, Montevideo, 12100, Uruguay","place_rank":30,"category":"amenity","type":"bus_station","importance":0.2001,"icon":"https://nominatim.openstreetmap.org/ui/mapicons/transport_bus_station.p.20.png"}]