[{"place_id":114928641,"licence":"Data © OpenStreetMap contributors, ODbL 1.0. https://osm.org/copyright","osm_type":"way","osm_id":36001728,"boundingbox":["-34.9069755","-34.9060399","-56.2007259","-56.1987767"],"lat":"-34.9064755","lon":"-56.19975768482712","display_name":"Plaza Independencia, Ciudad Vieja, Montevideo, 11000, Uruguay","place_rank":25,"category":"place","type":"square","importance":0.5315759822763769},{"place_id":122895329,"licence":"Data © OpenStreetMap contributors, ODbL 1.0. https://osm.org/copyright","osm_type":"way","osm_id":78098933,"boundingbox":["-34.9070757","-34.9064287","-56.2006784","-56.1986866"],"lat":"-34.9069798","lon":"-56.1995934","display_name":"Plaza Independencia, Ciudad Vieja, Montevideo, 11000, Uruguay","place_rank":26,"category":"highway","type":"tertiary","importance":0.3},{"place_id":275598900,"licence":"Data © OpenStreetMap contributors, ODbL 1.0. https://osm.org/copyright","osm_type":"way","osm_id":903875871,"boundingbox":["-34.9064287","-34.9059671","-56.1992991","-56.1987137"],"lat":"-34.9059921","lon":"-56.1988959","display_name":"Plaza Independencia, Barrio Sur, Montevideo, 11000, Uruguay","place_rank":26,"category":"highway","type":"tertiary","importance":0.3}]