[{"place_id":124158128,"licence":"Data © OpenStreetMap contributors, ODbL 1.0. https://osm.org/copyright","osm_type":"way","osm_id":81799206,"boundingbox":["-34.903747","-34.8979095","-56.1287595","-56.1237426"],"lat":"-34.900844899999996","lon":"-56.12606489149111","display_name":"Cementerio del Buceo, Buceo, Montevideo, Uruguay","place_rank":22,"category":"landuse","type":"cemetery","importance":0.4718449554900854},{"place_id":153777131,"licence":"Data © OpenStreetMap contributors, ODbL 1.0. https://osm.org/copyright","osm_type":"way","osm_id":205235465,"boundingbox":["-34.9016982","-34.899947","-56.1299742","-56.1275213"],"lat":"-34.90074475","lon":"-56.129046278574705","display_name":"Cementerio Inglés, Buceo, Montevideo, Uruguay","place_rank":22,"category":"landuse","type":"cemetery","importance":0.45469861684138924}]