[{"place_id":8116426,"licence":"Data © OpenStreetMap contributors, ODbL 1.0. https://osm.org/copyright","osm_type":"node","osm_id":953469123,"boundingbox":["-34.9308538","-34.8908538","-56.1705748","-56.1305748"],"lat":"-34.9108538","lon":"-56.1505748","display_name":"Pocitos, Montevideo, 11300, Uruguay","place_rank":19,"category":"place","type":"suburb","importance":0.48183357947053607,"icon":"https://nominatim.openstreetmap.org/ui/mapicons/poi_place_village.p.20.png"},{"place_id":299362711,"licence":"Data © OpenStreetMap contributors, ODbL 1.0. https://osm.org/copyright","osm_type":"relation","osm_id":13353241,"boundingbox":["-34.918412","-34.9022694","-56.1640405","-56.1440926"],"lat":"-34.91044615","lon":"-56.15370003412802","display_name":"Pocitos, Montevideo, Uruguay","place_rank":25,"category":"boundary","type":"neighborhood","importance":0.23500000000000001},{"place_id":23804085,"licence":"Data © OpenStreetMap contributors, ODbL 1.0. https://osm.org/copyright","osm_type":"node","osm_id":2577786969,"boundingbox":["-34.9196733","-34.9195733","-56.1510985","-56.1509985"],"lat":"-34.9196233","lon":"-56.1510485","display_name":"My Suites Hotel, 674, Juan Benito Blanco, Pocitos, Montevideo, 11300, Uruguay","place_rank":30,"category":"tourism","type":"hotel","importance":0.11010000000000002,"icon":"https://nominatim.openstreetmap.org/ui/mapicons/accommodation_hotel2.p.20.png"}]