[{"place_id":124158128,"licence":"Data © OpenStreetMap contributors, ODbL 1.0. https://osm.org/copyright","osm_type":"way","osm_id":81799206,"boundingbox":["-34.903747","-34.8979095","-56.1287595","-56.1237426"],"lat":"-34.900844899999996","lon":"-56.12606489149111","display_name":"Cementerio del Buceo, Buceo, Montevideo, Uruguay","place_rank":22,"category":"landuse","type":"cemetery","importance":0.37184495549008545},{"place_id":115640718,"licence":"Data © OpenStreetMap contributors, ODbL 1.0. https://osm.org/copyright","osm_type":"way","osm_id":37351175,"boundingbox":["-34.9028256","-34.8972229","-56.12368","-56.1147137"],"lat":"-34.8999782","lon":"-56.12178384010289","display_name":"Playa del Buceo, Buceo, Montevideo, Uruguay","place_rank":22,"category":"natural","type":"beach","importance":0.30999999999999994,"icon":"https://nominatim.openstreetmap.org/ui/mapicons/tourist_beach.p.20.png"},{"place_id":72773975,"licence":"Data © OpenStreetMap contributors, ODbL 1.0. https://osm.org/copyright","osm_type":"node","osm_id":6920491039,"boundingbox":["-34.8961991","-34.8960991","-56.1220697","-56.1219697"],"lat":"-34.8961491","lon":"-56.1220197","display_name":"Parroquia Santa Elena, 4220, Avenida General Rivera, Buceo, Montevideo, 11600, Uruguay","place_rank":30,"category":"amenity","type":"place_of_worship","importance":0.11010000000000002,"icon":"https://nominatim.openstreetmap.org/ui/mapicons/place_of_worship_unknown3.p.20.png"},{"place_id":206997678,"licence":"Data © OpenStreetMap contributors, ODbL 1.0. https://osm.org/copyright","osm_type":"way","osm_id":458565969,"boundingbox":["-34.894202","-34.8940611","-56.1231128","-56.1229105"],"lat":"-34.8941315","lon":"-56.12301164343019","display_name":"Puerto del Buceo, Avenida Mariscal Francisco Solano López, Boix y Merino, Buceo, Montevideo, 11600, Uruguay","place_rank":30,"category":"shop","type":"yes","importance":0.11010000000000002},{"place_id":184983737,"licence":"Data © OpenStreetMap contributors, ODbL 1.0. https://osm.org/copyright","osm_type":"way","osm_id":333006436,"boundingbox":["-34.8996173","-34.8989444","-56.1241293","-56.1233646"],"lat":"-34.89928085","lon":"-56.12374696334169","display_name":"Uruguay Buceo Baby Fútbol, Bulevar José Batlle y Ordóñez, Buceo, Montevideo, 11600, Uruguay","place_rank":30,"category":"leisure","type":"pitch","importance":0.11010000000000002}]