[{"place_id":115369797,"licence":"Data © OpenStreetMap contributors, ODbL 1.0. https://osm.org/copyright","osm_type":"way","osm_id":36373011,"boundingbox":["-34.7324243","-34.7262774","-56.2075476","-56.1961695"],"lat":"-34.7295225","lon":"-56.20199996932793","display_name":"Hipódromo de Las Piedras, Libres, Las Piedras, Municipio de Las Piedras, Canelones, 90200, Uruguay","place_rank":30,"category":"leisure","type":"sports_centre","importance":0.30010000000000003,"icon":"https://nominatim.openstreetmap.org/ui/mapicons/sport_leisure_centre.p.20.png"}]