[{"place_id":123595186,"licence":"Data © OpenStreetMap contributors, ODbL 1.0. https://osm.org/copyright","osm_type":"way","osm_id":78114858,"boundingbox":["-34.8866653","-34.8775872","-56.1414842","-56.1302514"],"lat":"-34.8820279","lon":"-56.1360003","display_name":"Comercio, Boix y Merino, Unión, Montevideo, 11600, Uruguay","place_rank":26,"category":"highway","type":"tertiary","importance":0.21},{"place_id":52206235,"licence":"Data © OpenStreetMap contributors, ODbL 1.0. https://osm.org/copyright","osm_type":"node","osm_id":4543972171,"boundingbox":["-34.8841472","-34.8840472","-56.1336738","-56.1335738"],"lat":"-34.8840972","lon":"-56.1336238","display_name":"Comercio, Boix y Merino, Unión, Montevideo, 11600, Uruguay","place_rank":30,"category":"amenity","type":"pharmacy","importance":0.11010000000000002,"icon":"https://nominatim.openstreetmap.org/ui/mapicons/health_pharmacy_dispensing.p.20.png"}]