[{"place_id":122979697,"licence":"Data © OpenStreetMap contributors, ODbL 1.0. https://osm.org/copyright","osm_type":"way","osm_id":81799045,"boundingbox":["-34.9082562","-34.9074606","-56.2014652","-56.2005558"],"lat":"-34.9077977","lon":"-56.20104517734704","display_name":"Teatro Solís, Bartolomé Mitre, Ciudad Vieja, Montevideo, 11000, Uruguay","place_rank":30,"category":"amenity","type":"theatre","importance":0.5572249460811545,"icon":"https://nominatim.openstreetmap.org/ui/mapicons/tourist_theatre.p.20.png"},{"place_id":40925528,"licence":"Data © OpenStreetMap contributors, ODbL 1.0. https://osm.org/copyright","osm_type":"node","osm_id":3208961713,"boundingbox":["-34.9082391","-34.9081391","-56.2001281","-56.2000281"],"lat":"-34.9081891","lon":"-56.2000781","display_name":"Teatro Solís, Liniers, Ciudad Vieja, Montevideo, 11000, Uruguay","place_rank":30,"category":"amenity","type":"bicycle_rental","importance":0.2001},{"place_id":27615649,"licence":"Data © OpenStreetMap contributors, ODbL 1.0. https://osm.org/copyright","osm_type":"node","osm_id":2749599264,"boundingbox":["-34.9075609","-34.9074609","-56.2009956","-56.2008956"],"lat":"-34.9075109","lon":"-56.2009456","display_name":"Rara Avis, 652, Buenos Aires, Ciudad Vieja, Montevideo, 11000, Uruguay","place_rank":30,"category":"amenity","type":"restaurant","importance":0.0001,"icon":"https://nominatim.openstreetmap.org/ui/mapicons/food_restaurant.p.20.png"}]