[{"place_id":162880682,"licence":"Data © OpenStreetMap contributors, ODbL 1.0. https://osm.org/copyright","osm_type":"way","osm_id":232492838,"boundingbox":["-34.886218","-34.885737","-56.1052552","-56.1052396"],"lat":"-34.8859824","lon":"-56.1052432","display_name":"Arroyo Malvín, Malvín Nuevo, Montevideo, 11400, Uruguay","place_rank":22,"category":"waterway","type":"stream","importance":0.29999999999999993},{"place_id":297623335,"licence":"Data © OpenStreetMap contributors, ODbL 1.0. https://osm.org/copyright","osm_type":"relation","osm_id":2554678,"boundingbox":["-34.8994258","-34.8962349","-56.1127954","-56.0969164"],"lat":"-34.897868349999996","lon":"-56.100940848763386","display_name":"Playa Malvín, Malvín Nuevo, Montevideo, Uruguay","place_rank":22,"category":"natural","type":"beach","importance":0.29999999999999993,"icon":"https://nominatim.openstreetmap.org/ui/mapicons/tourist_beach.p.20.png"},{"place_id":140998423,"licence":"Data © OpenStreetMap contributors, ODbL 1.0. https://osm.org/copyright","osm_type":"way","osm_id":151733313,"boundingbox":["-34.8915979","-34.8911693","-56.1001889","-56.0996526"],"lat":"-34.891458549999996","lon":"-56.09992378162789","display_name":"Parroquia Nuestra Señora de Lourdes, 1629, Míchigan, Malvín, Montevideo, 11403, Uruguay","place_rank":30,"category":"amenity","type":"place_of_worship","importance":0.11010000000000002,"icon":"https://nominatim.openstreetmap.org/ui/mapicons/place_of_worship_unknown3.p.20.png"},{"place_id":140957000,"licence":"Data © OpenStreetMap contributors, ODbL 1.0. https://osm.org/copyright","osm_type":"way","osm_id":151733469,"boundingbox":["-34.8930294","-34.891528","-56.0995297","-56.0987139"],"lat":"-34.892284000000004","lon":"-56.09926414031412","display_name":"Escuela Experimental de Malvín, Enrique Estrázulas, Malvín, Montevideo, 11403, Uruguay","place_rank":30,"category":"amenity","type":"school","importance":0.11010000000000002,"icon":"https://nominatim.openstreetmap.org/ui/mapicons/education_school.p.20.png"},{"place_id":208146538,"licence":"Data © OpenStreetMap contributors, ODbL 1.0. https://osm.org/copyright","osm_type":"way","osm_id":458138736,"boundingbox":["-34.8907012","-34.8900889","-56.0991046","-56.0988321"],"lat":"-34.8904437","lon":"-56.098971419181765","display_name":"ViaAqua Malvin, 5076, Avenida Enrique Legrand, Malvín, Montevideo, 11403, Uruguay","place_rank":30,"category":"leisure","type":"fitness_centre","importance":0.11010000000000002},{"place_id":49441773,"licence":"Data © OpenStreetMap contributors, ODbL 1.0. https://osm.org/copyright","osm_type":"node","osm_id":4254887508,"boundingbox":["-34.8959436","-34.8958436","-56.1029001","-56.1028001"],"lat":"-34.8958936","lon":"-56.1028501","display_name":"Clínica Malvin, 4902, Orinoco, Malvín, Montevideo, 11403, Uruguay","place_rank":30,"category":"amenity","type":"clinic","importance":0.11010000000000002},{"place_id":73978448,"licence":"Data © OpenStreetMap contributors, ODbL 1.0. https://osm.org/copyright","osm_type":"node","osm_id":6986270019,"boundingbox":["-34.8912513","-34.8911513","-56.1005343","-56.1004343"],"lat":"-34.8912013","lon":"-56.1004843","display_name":"Hermanas Capuchinas, 5026, Avenida General Rivera, Malvín Nuevo, Montevideo, 11403, Uruguay","place_rank":30,"category":"amenity","type":"place_of_worship","importance":0.10010000000000001,"icon":"https://nominatim.openstreetmap.org/ui/mapicons/place_of_worship_unknown3.p.20.png"},{"place_id":15194747,"licence":"Data © OpenStreetMap contributors, ODbL 1.0. https://osm.org/copyright","osm_type":"node","osm_id":1612580619,"boundingbox":["-34.8949328","-34.8948328","-56.1075981","-56.1074981"],"lat":"-34.8948828","lon":"-56.1075481","display_name":"Devoto Malvin, 1444, Hipólito Yrigoyen, Malvín Nuevo, Montevideo, 11403, Uruguay","place_rank":30,"category":"shop","type":"supermarket","importance":0.10010000000000001,"icon":"https://nominatim.openstreetmap.org/ui/mapicons/shopping_supermarket.p.20.png"},{"place_id":52638299,"licence":"Data © OpenStreetMap contributors, ODbL 1.0. https://osm.org/copyright","osm_type":"node","osm_id":4543984407,"boundingbox":["-34.8876548","-34.8875548","-56.1103278","-56.1102278"],"lat":"-34.8876048","lon":"-56.1102778","display_name":"Estabón Malvin, 1755, Hipólito Yrigoyen, Malvín Nuevo, Montevideo, 11400, Uruguay","place_rank":30,"category":"shop","type":"convenience","importance":0.10010000000000001,"icon":"https://nominatim.openstreetmap.org/ui/mapicons/shopping_convenience.p.20.png"},{"place_id":13189565,"licence":"Data © OpenStreetMap contributors, ODbL 1.0. https://osm.org/copyright","osm_type":"node","osm_id":1330381526,"boundingbox":["-34.8878424","-34.8877424","-56.1045883","-56.1044883"],"lat":"-34.8877924","lon":"-56.1045383","display_name":"Barraca Malvín, 4849, Avenida Estanislao López, Malvín Nuevo, Montevideo, 11400, Uruguay","place_rank":30,"category":"shop","type":"trade","importance":0.10010000000000001}]