[{"place_id":149657888,"licence":"Data © OpenStreetMap contributors, ODbL 1.0. https://osm.org/copyright","osm_type":"way","osm_id":188291630,"boundingbox":["-34.7813284","-34.7812076","-56.1364282","-56.136167"],"lat":"-34.7813153","lon":"-56.1363108","display_name":"Avenida de las Instrucciones, Puntas de Manga, Montevideo, 12200, Uruguay","place_rank":26,"category":"highway","type":"primary","importance":0.19999999999999998},{"place_id":123205794,"licence":"Data © OpenStreetMap contributors, ODbL 1.0. https://osm.org/copyright","osm_type":"way","osm_id":78106106,"boundingbox":["-34.7790024","-34.7764305","-56.1341852","-56.1315788"],"lat":"-34.7774225","lon":"-56.1325765","display_name":"Avenida de las Instrucciones, Barrio Vista Linda, Montevideo, 12200, Uruguay","place_rank":26,"category":"highway","type":"primary","importance":0.19999999999999998},{"place_id":149420094,"licence":"Data © OpenStreetMap contributors, ODbL 1.0. https://osm.org/copyright","osm_type":"way","osm_id":188291627,"boundingbox":["-34.7800006","-34.7790024","-56.1352676","-56.1341852"],"lat":"-34.7794102","lon":"-56.1346747","display_name":"Avenida de las Instrucciones, Montevideo, 12200, Uruguay","place_rank":26,"category":"highway","type":"primary","importance":0.19999999999999998},{"place_id":149823839,"licence":"Data © OpenStreetMap contributors, ODbL 1.0. https://osm.org/copyright","osm_type":"way","osm_id":188291629,"boundingbox":["-34.7800006","-34.7763284","-56.1352951","-56.1315788"],"lat":"-34.7786666","lon":"-56.1340793","display_name":"Avenida de las Instrucciones, Barrio Vista Linda, Montevideo, 12200, Uruguay","place_rank":26,"category":"highway","type":"residential","importance":0.19999999999999998}]