[{"place_id":221498286,"licence":"Data © OpenStreetMap contributors, ODbL 1.0. https://osm.org/copyright","osm_type":"way","osm_id":544773771,"boundingbox":["-34.8642443","-34.8620269","-56.0026303","-55.9989566"],"lat":"-34.8631353","lon":"-56.0007705","display_name":"Rambla Costanera, Parque de Carrasco, Ciudad de la Costa, Municipio de Ciudad de la Costa, Canelones, 15000, Uruguay","place_rank":26,"category":"highway","type":"primary","importance":0.3},{"place_id":187287907,"licence":"Data © OpenStreetMap contributors, ODbL 1.0. https://osm.org/copyright","osm_type":"way","osm_id":345817366,"boundingbox":["-34.8644164","-34.8642443","-56.0029946","-56.0026303"],"lat":"-34.8643724","lon":"-56.0029014","display_name":"Rambla Costanera, Parque de Carrasco, Ciudad de la Costa, Municipio de Paso Carrasco, Canelones, 15002, Uruguay","place_rank":26,"category":"highway","type":"primary","importance":0.3}]