[{"place_id":51977917,"licence":"Data © OpenStreetMap contributors, ODbL 1.0. https://osm.org/copyright","osm_type":"node","osm_id":4517637507,"boundingbox":["-34.8068551","-34.8067551","-56.136887","-56.136787"],"lat":"-34.8068051","lon":"-56.136837","display_name":"Manga, Avenida José Belloni, Manga, Montevideo, 12200, Uruguay","place_rank":30,"category":"amenity","type":"pharmacy","importance":0.11010000000000002,"icon":"https://nominatim.openstreetmap.org/ui/mapicons/health_pharmacy_dispensing.p.20.png"},{"place_id":3198861,"licence":"Data © OpenStreetMap contributors, ODbL 1.0. https://osm.org/copyright","osm_type":"node","osm_id":429269919,"boundingbox":["-34.8071929","-34.8070929","-56.1381471","-56.1380471"],"lat":"-34.8071429","lon":"-56.1380971","display_name":"Manga, Francisco Magariños, Manga, Montevideo, 12200, Uruguay","place_rank":30,"category":"railway","type":"stop","importance":0.11010000000000002},{"place_id":65207348,"licence":"Data © OpenStreetMap contributors, ODbL 1.0. https://osm.org/copyright","osm_type":"node","osm_id":5969546409,"boundingbox":["-34.8071156","-34.8070156","-56.1379585","-56.1378585"],"lat":"-34.8070656","lon":"-56.1379085","display_name":"Manga, Francisco Magariños, Manga, Montevideo, 12200, Uruguay","place_rank":30,"category":"railway","type":"yard","importance":0.11010000000000002}]