[{"place_id":123119416,"licence":"Data © OpenStreetMap contributors, ODbL 1.0. https://osm.org/copyright","osm_type":"way","osm_id":78099239,"boundingbox":["-34.8336584","-34.8256928","-56.126236","-56.1232957"],"lat":"-34.8294486","lon":"-56.1240983","display_name":"Rafael, 30 de Abril, Punta Rieles, Montevideo, 12200, Uruguay","place_rank":26,"category":"highway","type":"residential","importance":0.21},{"place_id":123205751,"licence":"Data © OpenStreetMap contributors, ODbL 1.0. https://osm.org/copyright","osm_type":"way","osm_id":78105440,"boundingbox":["-34.8199678","-34.8157784","-56.1304941","-56.1289173"],"lat":"-34.8174119","lon":"-56.129682","display_name":"Rafael, 30 de Abril, Piedras Blancas, Montevideo, 12200, Uruguay","place_rank":26,"category":"highway","type":"residential","importance":0.21},{"place_id":207213758,"licence":"Data © OpenStreetMap contributors, ODbL 1.0. https://osm.org/copyright","osm_type":"way","osm_id":450587655,"boundingbox":["-34.8256928","-34.8244211","-56.1265022","-56.126236"],"lat":"-34.8252041","lon":"-56.1263535","display_name":"Rafael, 5 de Abril, Punta Rieles, Montevideo, 12200, Uruguay","place_rank":26,"category":"highway","type":"residential","importance":0.21}]