[{"place_id":15950017,"licence":"Data © OpenStreetMap contributors, ODbL 1.0. https://osm.org/copyright","osm_type":"node","osm_id":1705271163,"boundingbox":["-34.8855736","-34.8854736","-56.0819428","-56.0818428"],"lat":"-34.8855236","lon":"-56.0818928","display_name":"Portones de Carrasco, Avenida Doctor Juan Bautista Alberdi, Malvín, Montevideo, 11403, Uruguay","place_rank":30,"category":"tourism","type":"attraction","importance":0.10010000000000001,"icon":"https://nominatim.openstreetmap.org/ui/mapicons/poi_point_of_interest.p.20.png"},{"place_id":14430272,"licence":"Data © OpenStreetMap contributors, ODbL 1.0. https://osm.org/copyright","osm_type":"node","osm_id":1454533350,"boundingbox":["-34.8833963","-34.8832963","-56.0820786","-56.0819786"],"lat":"-34.8833463","lon":"-56.0820286","display_name":"Barny's Portones, 5820, Avenida Italia, Carrasco Norte, Montevideo, 11403, Uruguay","place_rank":30,"category":"amenity","type":"fast_food","importance":0.10010000000000001,"icon":"https://nominatim.openstreetmap.org/ui/mapicons/food_fastfood.p.20.png"},{"place_id":114831247,"licence":"Data © OpenStreetMap contributors, ODbL 1.0. https://osm.org/copyright","osm_type":"way","osm_id":38197647,"boundingbox":["-34.8819471","-34.8805064","-56.0829264","-56.0802984"],"lat":"-34.8812516","lon":"-56.0817064955124","display_name":"Portones Shopping, 5775, Avenida Italia, Carrasco Norte, Montevideo, 11403, Uruguay","place_rank":30,"category":"shop","type":"mall","importance":0.10010000000000001},{"place_id":141591150,"licence":"Data © OpenStreetMap contributors, ODbL 1.0. https://osm.org/copyright","osm_type":"way","osm_id":156742948,"boundingbox":["-34.8826258","-34.8816798","-56.0835754","-56.0830007"],"lat":"-34.88209865","lon":"-56.08326629664715","display_name":"Terminal Portones, Avenida Doctora María Luisa Saldún de Rodríguez, Carrasco Norte, Montevideo, 11403, Uruguay","place_rank":30,"category":"amenity","type":"bus_station","importance":0.10010000000000001,"icon":"https://nominatim.openstreetmap.org/ui/mapicons/transport_bus_station.p.20.png"},{"place_id":50323729,"licence":"Data © OpenStreetMap contributors, ODbL 1.0. https://osm.org/copyright","osm_type":"node","osm_id":4351251858,"boundingbox":["-34.8784813","-34.8783813","-56.0871896","-56.0870896"],"lat":"-34.8784313","lon":"-56.0871396","display_name":"Centro Médico PORTONES, 2345, Avenida Bolivia, Parque Rivera, Malvín, Montevideo, 11403, Uruguay","place_rank":30,"category":"amenity","type":"clinic","importance":0.10010000000000001},{"place_id":15177497,"licence":"Data © OpenStreetMap contributors, ODbL 1.0. https://osm.org/copyright","osm_type":"node","osm_id":1657791764,"boundingbox":["-34.8832161","-34.8831161","-56.0831386","-56.0830386"],"lat":"-34.8831661","lon":"-56.0830886","display_name":"Taxi Portones, Avenida Italia, Carrasco Norte, Montevideo, 11403, Uruguay","place_rank":30,"category":"amenity","type":"taxi","importance":0.10010000000000001},{"place_id":141857791,"licence":"Data © OpenStreetMap contributors, ODbL 1.0. https://osm.org/copyright","osm_type":"way","osm_id":156742946,"boundingbox":["-34.8816656","-34.8798882","-56.0810457","-56.0789777"],"lat":"-34.88066925","lon":"-56.07975396702974","display_name":"Portones Shopping, Avenida Italia, Carrasco Norte, Montevideo, 11403, Uruguay","place_rank":30,"category":"amenity","type":"parking","importance":0.10010000000000001},{"place_id":142544118,"licence":"Data © OpenStreetMap contributors, ODbL 1.0. https://osm.org/copyright","osm_type":"way","osm_id":158299410,"boundingbox":["-34.8872512","-34.8865316","-56.0852057","-56.0837732"],"lat":"-34.88697795","lon":"-56.08463795462602","display_name":"Asociación Cristiana de Jóvenes, 5678, Esther de Cáceres, Malvín, Montevideo, 11403, Uruguay","place_rank":30,"category":"leisure","type":"sports_centre","importance":0.0001,"icon":"https://nominatim.openstreetmap.org/ui/mapicons/sport_leisure_centre.p.20.png"},{"place_id":50948427,"licence":"Data © OpenStreetMap contributors, ODbL 1.0. https://osm.org/copyright","osm_type":"node","osm_id":4414166772,"boundingbox":["-34.8809602","-34.8808602","-56.0788529","-56.0787529"],"lat":"-34.8809102","lon":"-56.0788029","display_name":"Disa, 5775, Avenida Italia, Carrasco Norte, Montevideo, 11403, Uruguay","place_rank":30,"category":"amenity","type":"fuel","importance":0.0001,"icon":"https://nominatim.openstreetmap.org/ui/mapicons/transport_fuel.p.20.png"}]