[{"place_id":154265540,"licence":"Data © OpenStreetMap contributors, ODbL 1.0. https://osm.org/copyright","osm_type":"way","osm_id":205233765,"boundingbox":["-34.856257","-34.8544653","-56.2453269","-56.2433585"],"lat":"-34.8554037","lon":"-56.24400899514153","display_name":"Plaza Tres Ombúes, Tres Ombúes, Montevideo, Uruguay","place_rank":22,"category":"landuse","type":"recreation_ground","importance":0.39999999999999997},{"place_id":54341084,"licence":"Data © OpenStreetMap contributors, ODbL 1.0. https://osm.org/copyright","osm_type":"node","osm_id":4762247566,"boundingbox":["-34.8549777","-34.8548777","-56.2444914","-56.2443914"],"lat":"-34.8549277","lon":"-56.2444414","display_name":"Oficina Territorial MIDES Tres Ombúes, General Agustín Muñoz, Tres Ombúes, Montevideo, 11900, Uruguay","place_rank":30,"category":"amenity","type":"community_centre","importance":0.2001},{"place_id":164900037,"licence":"Data © OpenStreetMap contributors, ODbL 1.0. https://osm.org/copyright","osm_type":"way","osm_id":239263473,"boundingbox":["-34.8499071","-34.8493224","-56.2448627","-56.2443683"],"lat":"-34.8493224","lon":"-56.2443683","display_name":"Pasaje Tres Cruces, 19 de Abril, Nuevo Paris, Montevideo, 11900, Uruguay","place_rank":26,"category":"highway","type":"residential","importance":0.19999999999999998},{"place_id":123646318,"licence":"Data © OpenStreetMap contributors, ODbL 1.0. https://osm.org/copyright","osm_type":"way","osm_id":78099456,"boundingbox":["-34.8492825","-34.8459766","-56.2444476","-56.2414177"],"lat":"-34.8479406","lon":"-56.243296","display_name":"Tres Cruces, 19 de Abril, Nuevo Paris, Montevideo, 11900, Uruguay","place_rank":26,"category":"highway","type":"residential","importance":0.19999999999999998},{"place_id":123726113,"licence":"Data © OpenStreetMap contributors, ODbL 1.0. https://osm.org/copyright","osm_type":"way","osm_id":78117273,"boundingbox":["-34.8502431","-34.8498714","-56.2452494","-56.2448627"],"lat":"-34.8498714","lon":"-56.2449267","display_name":"Pasaje Tres Cruces, 19 de Abril, Nuevo Paris, Montevideo, 11900, Uruguay","place_rank":27,"category":"highway","type":"footway","importance":0.17499999999999996}]