[{"place_id":206174958,"licence":"Data © OpenStreetMap contributors, ODbL 1.0. https://osm.org/copyright","osm_type":"way","osm_id":450636675,"boundingbox":["-34.8087303","-34.805967","-56.1643477","-56.1615273"],"lat":"-34.8076678","lon":"-56.1632603","display_name":"Avenida de las Instrucciones, Mendoza, Casavalle, Montevideo, 12400, Uruguay","place_rank":26,"category":"highway","type":"primary","importance":0.41000000000000003},{"place_id":206388233,"licence":"Data © OpenStreetMap contributors, ODbL 1.0. https://osm.org/copyright","osm_type":"way","osm_id":454013282,"boundingbox":["-34.805967","-34.7982071","-56.1615273","-56.1536562"],"lat":"-34.8019456","lon":"-56.1574628","display_name":"Avenida de las Instrucciones, Mendoza, Manga, Montevideo, 12400, Uruguay","place_rank":26,"category":"highway","type":"primary","importance":0.41000000000000003},{"place_id":165667752,"licence":"Data © OpenStreetMap contributors, ODbL 1.0. https://osm.org/copyright","osm_type":"way","osm_id":244904946,"boundingbox":["-34.8025371","-34.8018087","-56.1586301","-56.1574628"],"lat":"-34.8018458","lon":"-56.1579204","display_name":"Avenida Instrucciones, Mendoza, Manga, Montevideo, 12400, Uruguay","place_rank":26,"category":"highway","type":"residential","importance":0.41000000000000003}]