[{"place_id":50973840,"licence":"Data © OpenStreetMap contributors, ODbL 1.0. https://osm.org/copyright","osm_type":"node","osm_id":4451144281,"boundingbox":["-34.9095743","-34.9094743","-56.2000493","-56.1999493"],"lat":"-34.9095243","lon":"-56.1999993","display_name":"Santa Catalina, 1200, Ciudadela, Barrio Sur, Montevideo, 11000, Uruguay","place_rank":30,"category":"amenity","type":"restaurant","importance":0.2001,"icon":"https://nominatim.openstreetmap.org/ui/mapicons/food_restaurant.p.20.png"}]