[{"place_id":65235095,"licence":"Data © OpenStreetMap contributors, ODbL 1.0. https://osm.org/copyright","osm_type":"node","osm_id":5966233989,"boundingbox":["-34.7633141","-34.7632141","-56.2230016","-56.2229016"],"lat":"-34.7632641","lon":"-56.2229516","display_name":"La Paz, Libertad, La Paz, Municipio de La Paz, Canelones, 90100, Uruguay","place_rank":30,"category":"railway","type":"halt","importance":0.5686489094802892},{"place_id":298061858,"licence":"Data © OpenStreetMap contributors, ODbL 1.0. https://osm.org/copyright","osm_type":"relation","osm_id":2586184,"boundingbox":["-34.7701017","-34.7387484","-56.2413164","-56.2146955"],"lat":"-34.7632835","lon":"-56.22327","display_name":"La Paz, Municipio de La Paz, Canelones, 90100, Uruguay","place_rank":16,"category":"boundary","type":"administrative","importance":0.5686489094802892,"icon":"https://nominatim.openstreetmap.org/ui/mapicons/poi_boundary_administrative.p.20.png"},{"place_id":5283134,"licence":"Data © OpenStreetMap contributors, ODbL 1.0. https://osm.org/copyright","osm_type":"node","osm_id":642344930,"boundingbox":["-34.7633073","-34.7632073","-56.22298","-56.22288"],"lat":"-34.7632573","lon":"-56.22293","display_name":"La Paz, Libertad, La Paz, Municipio de La Paz, Canelones, 90100, Uruguay","place_rank":30,"category":"railway","type":"stop","importance":0.2001}]