[{"place_id":253407097,"licence":"Data © OpenStreetMap contributors, ODbL 1.0. https://osm.org/copyright","osm_type":"way","osm_id":755949428,"boundingbox":["-34.910799","-34.9105995","-56.1362438","-56.1357946"],"lat":"-34.910699199999996","lon":"-56.13601920090065","display_name":"Museo Naval, Rambla Presidente Charles de Gaulle, La Mondiola, Montevideo, 11300, Uruguay","place_rank":30,"category":"tourism","type":"museum","importance":0.2001,"icon":"https://nominatim.openstreetmap.org/ui/mapicons/tourist_museum.p.20.png"}]